UserAccountID,Username,FirstName,LastName,Email,CreatedAt,UpdatedAt,DateOfBirth
b8624cea-1a90-4b2d-a12e-a71a86eb1f10,lambrosch0,Lissy,Ambrosch,lambrosch0@upenn.edu,2022-09-18,2018-12-14,1987-02-19
3954ed02-4f51-4682-99d4-703dfcfed61a,keslinger1,Knox,Eslinger,keslinger1@smugmug.com,2025-05-21,2021-04-22,1958-01-18
95c1d06f-dc6d-4dfa-a4e3-4e29b412b043,mtrobey2,Manuel,Trobey,mtrobey2@wp.com,2016-09-25,2011-01-05,1993-01-06
7ceb8774-9cbe-4da3-b697-98ea14b3a86d,kgadsden3,Kerianne,Gadsden,kgadsden3@tinypic.com,2018-12-16,2011-12-11,1950-05-01
04957847-0564-4b8b-8b4a-cdce1c387914,mvane4,Mord,Vane,mvane4@booking.com,2014-08-31,2025-05-07,1928-08-28
1b53e41e-60e4-4c81-b162-473d036fd40e,iklimowski5,Ileana,Klimowski,iklimowski5@mtv.com,2024-11-28,2014-05-17,1933-07-20
cba032ba-ba35-415d-aff0-14936d73b23a,mvickars6,Mischa,Vickars,mvickars6@census.gov,2012-08-06,2014-04-03,1991-03-06
5a05b977-f6d8-4e9f-b700-ef74e0d4cd79,cbarrus7,Charin,Barrus,cbarrus7@digg.com,2019-08-01,2017-02-26,1984-10-19
c36f23b6-1af0-4525-9078-03f7285f11fd,gbroady8,Gerri,Broady,gbroady8@cafepress.com,2015-03-23,2021-12-15,1986-09-22
9eee230d-8e88-4ab7-ad3a-08909f0f179f,jwoolf9,Justis,Woolf,jwoolf9@oakley.com,2020-10-29,2018-07-03,1984-04-13
4db300d3-8dae-4efb-8be6-2ee31e10489b,agrigsa,Annabell,Grigs,agrigsa@behance.net,2014-09-08,2020-07-17,1932-06-23
0bdce4af-77e9-495c-b96e-447d6020e851,lmilkinb,Lucia,Milkin,lmilkinb@yahoo.com,2019-07-02,2016-06-04,1975-09-07
7a815e7c-baa8-4eef-aab8-0e2c394191b0,ahumbatchc,Alvira,Humbatch,ahumbatchc@hc360.com,2015-06-18,2012-04-04,2004-05-13
50454152-ece0-489f-a1c1-1db8d03b3ce6,ttackd,Teodoro,Tack,ttackd@ucsd.edu,2012-04-25,2022-05-20,1975-05-13
cf775ced-ecd9-4291-9bc4-ab0cd3ea2ccf,rscholarde,Rip,Scholard,rscholarde@paginegialle.it,2011-09-15,2014-01-13,1975-11-18
8157d559-2e7c-448f-a845-c649302b8f36,pwarlandf,Phaedra,Warland,pwarlandf@gravatar.com,2024-03-21,2016-09-07,1929-05-29
c3b257e1-9d79-4494-982e-2fb44a28a7f9,sshallog,Selia,Shallo,sshallog@google.ca,2014-07-19,2021-07-23,1935-06-20
8dc3f85f-a3bb-46b2-83d5-475c0d33f533,carensonh,Consolata,Arenson,carensonh@jalbum.net,2023-08-26,2024-06-06,1940-03-13
f39db8d5-d2a7-4726-bcee-aeb1c88a6340,fsushamsi,Falito,Sushams,fsushamsi@indiatimes.com,2022-11-07,2024-09-05,1989-02-06
97460048-226d-4124-b545-730d0a45fcbf,cschutzej,Creighton,Schutze,cschutzej@seattletimes.com,2010-05-28,2019-05-01,1945-01-12
183d0825-b6b4-4184-8128-6b1b3ee9c34e,pivanuschkak,Park,Ivanuschka,pivanuschkak@unblog.fr,2017-04-04,2018-02-02,1961-08-10
75b72f28-7f12-435e-9347-e7026724255d,sgodardl,Stanfield,Godard,sgodardl@statcounter.com,2014-08-02,2020-06-01,1978-03-03
82b57935-4d01-4eee-a95c-5f7660bc1308,sdeversm,Shaylah,Devers,sdeversm@sbwire.com,2017-07-21,2015-08-20,1963-06-21
5a76558c-77d2-4698-9aa2-91adf09c3e40,nakessn,Noellyn,Akess,nakessn@sakura.ne.jp,2012-07-28,2023-01-08,1947-02-26
b2dc17ab-31cc-40c5-9a7c-d95e790fecea,jdumbello,Jobie,Dumbell,jdumbello@google.de,2015-02-01,2013-08-27,1941-04-22
0c35296a-4833-499f-9c27-2469ba2d41e6,dbiggsp,Dacia,Biggs,dbiggsp@paginegialle.it,2020-07-06,2025-05-25,1921-10-26
9a0c0852-2db8-4824-8395-97485edf3fc3,ctraiteq,Chan,Traite,ctraiteq@ibm.com,2021-12-02,2018-05-21,1952-03-05
3d7005b0-7ad0-45a8-a958-184686430af2,lcowlinr,Lorant,Cowlin,lcowlinr@soup.io,2012-01-10,2015-05-22,1947-04-25
9ab507dd-a0af-4ccd-99b9-ab9077aabf96,csmewings,Corissa,Smewing,csmewings@friendfeed.com,2016-11-15,2020-05-13,1989-12-20
f0a6c3da-465e-4ff3-9069-4383dcb0e0f6,renderbyt,Rancell,Enderby,renderbyt@quantcast.com,2013-06-07,2023-07-26,1970-05-13
